{
  "Use Non-ASCII Font" : false,
  "Tags" : [

  ],
  "Ansi 12 Color" : {
    "Red Component" : 0.04364173114299774,
    "Color Space" : "Calibrated",
    "Blue Component" : 0.2217757552862167,
    "Alpha Component" : 1,
    "Green Component" : 0.1624085605144501
  },
  "Ansi 7 Color" : {
    "Red Component" : 0.4793400466442108,
    "Color Space" : "Calibrated",
    "Blue Component" : 0.6781185865402222,
    "Alpha Component" : 1,
    "Green Component" : 0.6960934400558472
  },
  "Ansi 8 Color" : {
    "Red Component" : 0.05402718111872673,
    "Color Space" : "Calibrated",
    "Blue Component" : 0.08140872418880463,
    "Alpha Component" : 1,
    "Green Component" : 0.06563055515289307
  },
  "Bold Color" : {
    "Red Component" : 0.8493925929069519,
    "Color Space" : "Calibrated",
    "Blue Component" : 0.8493815660476685,
    "Alpha Component" : 1,
    "Green Component" : 0.8493671417236328
  },
  "Ansi 9 Color" : {
    "Red Component" : 0.7750077247619629,
    "Color Space" : "Calibrated",
    "Blue Component" : 0.1627292782068253,
    "Alpha Component" : 1,
    "Green Component" : 0.3284110128879547
  },
  "Ansi 6 Color" : {
    "Red Component" : 0.1624139100313187,
    "Color Space" : "Calibrated",
    "Blue Component" : 0.5502700805664062,
    "Alpha Component" : 1,
    "Green Component" : 0.4471854865550995
  },
  "Ansi 5 Color" : {
    "Red Component" : 0.2393098473548889,
    "Color Space" : "Calibrated",
    "Blue Component" : 0.3256053030490875,
    "Alpha Component" : 1,
    "Green Component" : 0.2469544857740402
  },
  "Rows" : 25,
  "Default Bookmark" : "No",
  "Cursor Guide Color" : {
    "Red Component" : 0.6499999761581421,
    "Color Space" : "Calibrated",
    "Blue Component" : 1,
    "Alpha Component" : 0.25,
    "Green Component" : 0.9100000262260437
  },
  "Non-ASCII Anti Aliased" : true,
  "Use Bright Bold" : false,
  "Ansi 10 Color" : {
    "Red Component" : 0.03729290515184402,
    "Color Space" : "Calibrated",
    "Blue Component" : 0.1321615129709244,
    "Alpha Component" : 1,
    "Green Component" : 0.09146605432033539
  },
  "Use Cursor Guide" : false,
  "Ambiguous Double Width" : false,
  "Jobs to Ignore" : [
    "rlogin",
    "ssh",
    "slogin",
    "telnet"
  ],
  "Ansi 15 Color" : {
    "Red Component" : 0.791159987449646,
    "Color Space" : "Calibrated",
    "Blue Component" : 0.8923182487487793,
    "Alpha Component" : 1,
    "Green Component" : 0.9045944213867188
  },
  "Foreground Color" : {
    "Red Component" : 0.4782068133354187,
    "Color Space" : "Calibrated",
    "Blue Component" : 0.6790071725845337,
    "Alpha Component" : 1,
    "Green Component" : 0.6958175301551819
  },
  "Bound Hosts" : [

  ],
  "Working Directory" : "\/Users\/alexanderjeurissen",
  "Blinking Cursor" : false,
  "Disable Window Resizing" : true,
  "Sync Title" : false,
  "Prompt Before Closing 2" : false,
  "BM Growl" : true,
  "Command" : "zsh",
  "Description" : "Default",
  "Smart Cursor Color" : false,
  "Mouse Reporting" : true,
  "Screen" : -1,
  "Selection Color" : {
    "Red Component" : 0.1115768775343895,
    "Color Space" : "Calibrated",
    "Blue Component" : 0.3069373369216919,
    "Alpha Component" : 1,
    "Green Component" : 0.2571182250976562
  },
  "Columns" : 80,
  "Idle Code" : 0,
  "Ansi 13 Color" : {
    "Red Component" : 0.4591710567474365,
    "Color Space" : "Calibrated",
    "Blue Component" : 0.5849539041519165,
    "Alpha Component" : 1,
    "Green Component" : 0.4716010987758636
  },
  "Custom Command" : "Yes",
  "ASCII Anti Aliased" : true,
  "Non Ascii Font" : "SourceCodePro-Regular 14",
  "Vertical Spacing" : 1,
  "Use Bold Font" : true,
  "Option Key Sends" : 0,
  "Selected Text Color" : {
    "Red Component" : 0.8493925929069519,
    "Color Space" : "Calibrated",
    "Blue Component" : 0.8493815660476685,
    "Alpha Component" : 1,
    "Green Component" : 0.8493671417236328
  },
  "Background Color" : {
    "Red Component" : 0.04020744562149048,
    "Color Space" : "Calibrated",
    "Blue Component" : 0.06343378126621246,
    "Alpha Component" : 1,
    "Green Component" : 0.05111460760235786
  },
  "Character Encoding" : 4,
  "Ansi 11 Color" : {
    "Red Component" : 0.11164540797472,
    "Color Space" : "Calibrated",
    "Blue Component" : 0.3069390058517456,
    "Alpha Component" : 1,
    "Green Component" : 0.2584734857082367
  },
  "Thin Strokes" : 1,
  "Use Italic Font" : true,
  "Unlimited Scrollback" : true,
  "Keyboard Map" : {
    "0xf700-0x260000" : {
      "Text" : "[1;6A",
      "Action" : 10
    },
    "0x37-0x40000" : {
      "Text" : "0x1f",
      "Action" : 11
    },
    "0x32-0x40000" : {
      "Text" : "0x00",
      "Action" : 11
    },
    "0xf709-0x20000" : {
      "Text" : "[17;2~",
      "Action" : 10
    },
    "0xf70c-0x20000" : {
      "Text" : "[20;2~",
      "Action" : 10
    },
    "0xf729-0x20000" : {
      "Text" : "[1;2H",
      "Action" : 10
    },
    "0xf72b-0x40000" : {
      "Text" : "[1;5F",
      "Action" : 10
    },
    "0xf705-0x20000" : {
      "Text" : "[1;2Q",
      "Action" : 10
    },
    "0xf703-0x260000" : {
      "Text" : "[1;6C",
      "Action" : 10
    },
    "0xf700-0x220000" : {
      "Text" : "[1;2A",
      "Action" : 10
    },
    "0xf701-0x280000" : {
      "Text" : "0x1b 0x1b 0x5b 0x42",
      "Action" : 11
    },
    "0x38-0x40000" : {
      "Text" : "0x7f",
      "Action" : 11
    },
    "0x33-0x40000" : {
      "Text" : "0x1b",
      "Action" : 11
    },
    "0xf703-0x220000" : {
      "Text" : "[1;2C",
      "Action" : 10
    },
    "0xf701-0x240000" : {
      "Text" : "[1;5B",
      "Action" : 10
    },
    "0xf70d-0x20000" : {
      "Text" : "[21;2~",
      "Action" : 10
    },
    "0xf702-0x260000" : {
      "Text" : "[1;6D",
      "Action" : 10
    },
    "0xf729-0x40000" : {
      "Text" : "[1;5H",
      "Action" : 10
    },
    "0xf706-0x20000" : {
      "Text" : "[1;2R",
      "Action" : 10
    },
    "0x34-0x40000" : {
      "Text" : "0x1c",
      "Action" : 11
    },
    "0xf700-0x280000" : {
      "Text" : "0x1b 0x1b 0x5b 0x41",
      "Action" : 11
    },
    "0x2d-0x40000" : {
      "Text" : "0x1f",
      "Action" : 11
    },
    "0xf70e-0x20000" : {
      "Text" : "[23;2~",
      "Action" : 10
    },
    "0xf702-0x220000" : {
      "Text" : "[1;2D",
      "Action" : 10
    },
    "0xf703-0x280000" : {
      "Text" : "0x1b 0x1b 0x5b 0x43",
      "Action" : 11
    },
    "0xf700-0x240000" : {
      "Text" : "[1;5A",
      "Action" : 10
    },
    "0xf707-0x20000" : {
      "Text" : "[1;2S",
      "Action" : 10
    },
    "0xf70a-0x20000" : {
      "Text" : "[18;2~",
      "Action" : 10
    },
    "0x35-0x40000" : {
      "Text" : "0x1d",
      "Action" : 11
    },
    "0xf70f-0x20000" : {
      "Text" : "[24;2~",
      "Action" : 10
    },
    "0xf703-0x240000" : {
      "Text" : "[1;5C",
      "Action" : 10
    },
    "0xf701-0x260000" : {
      "Text" : "[1;6B",
      "Action" : 10
    },
    "0xf702-0x280000" : {
      "Text" : "0x1b 0x1b 0x5b 0x44",
      "Action" : 11
    },
    "0xf72b-0x20000" : {
      "Text" : "[1;2F",
      "Action" : 10
    },
    "0x36-0x40000" : {
      "Text" : "0x1e",
      "Action" : 11
    },
    "0xf708-0x20000" : {
      "Text" : "[15;2~",
      "Action" : 10
    },
    "0xf701-0x220000" : {
      "Text" : "[1;2B",
      "Action" : 10
    },
    "0xf70b-0x20000" : {
      "Text" : "[19;2~",
      "Action" : 10
    },
    "0xf702-0x240000" : {
      "Text" : "[1;5D",
      "Action" : 10
    },
    "0xf704-0x20000" : {
      "Text" : "[1;2P",
      "Action" : 10
    }
  },
  "Window Type" : 0,
  "Use HFS Plus Mapping" : false,
  "Background Image Location" : "",
  "Blur" : false,
  "Badge Color" : {
    "Red Component" : 1,
    "Color Space" : "Calibrated",
    "Blue Component" : 0,
    "Alpha Component" : 0.5,
    "Green Component" : 0
  },
  "Scrollback Lines" : 1000,
  "Send Code When Idle" : false,
  "Close Sessions On End" : true,
  "Terminal Type" : "xterm-256color",